dataset,method,split,traintest,coverage,width,rmse
bostonHousing,ensemble,0,trainval,0.7098901098901099,0.4362457210523432,2.537566194172961
bostonHousing,ensemble,0,test,0.6862745098039216,0.3993167083353452,2.481112100118531
bostonHousing,ensemble,1,trainval,0.7032967032967034,0.39127654259597344,2.2002744777726275
bostonHousing,ensemble,1,test,0.5490196078431373,0.3888866225363668,2.8341125205415145
bostonHousing,ensemble,2,trainval,0.7120879120879121,0.40855757064457826,2.2647569851208225
bostonHousing,ensemble,2,test,0.5882352941176471,0.45047262196826016,2.453973535029324
bostonHousing,ensemble,3,trainval,0.5714285714285714,0.3447997771486172,2.5605131873345743
bostonHousing,ensemble,3,test,0.5490196078431373,0.3893170880716318,2.623436994290505
bostonHousing,ensemble,4,trainval,0.6241758241758242,0.4345313778316511,2.5651135443214264
bostonHousing,ensemble,4,test,0.5882352941176471,0.5054300520137291,4.346924148354523
bostonHousing,ensemble,5,trainval,0.6857142857142857,0.39012661558997425,2.2706583548237664
bostonHousing,ensemble,5,test,0.6666666666666666,0.426772142831017,2.4484081201318904
bostonHousing,ensemble,6,trainval,0.8395604395604396,0.6577754345797332,2.9994687235021686
bostonHousing,ensemble,6,test,0.7254901960784313,0.5460552192940656,2.526151106391691
bostonHousing,ensemble,7,trainval,0.6637362637362637,0.4267647174353059,2.5208761380847364
bostonHousing,ensemble,7,test,0.5882352941176471,0.41962399788319216,3.663563329599439
bostonHousing,ensemble,8,trainval,0.6747252747252748,0.37530304756370814,2.1660163309589384
bostonHousing,ensemble,8,test,0.3333333333333333,0.40523727667374837,3.4472072855968
bostonHousing,ensemble,9,trainval,0.5472527472527473,0.3091807037380886,2.3343985171305377
bostonHousing,ensemble,9,test,0.49019607843137253,0.3719223265129389,5.622124567432967
bostonHousing,ensemble,10,trainval,0.6615384615384615,0.4134627891026467,2.4769303181645554
bostonHousing,ensemble,10,test,0.5686274509803921,0.47305287156331427,3.8363615663736144
bostonHousing,ensemble,11,trainval,0.6879120879120879,0.4074061919792111,2.3039418842782076
bostonHousing,ensemble,11,test,0.7254901960784313,0.3856884977600968,2.424091190604069
bostonHousing,ensemble,12,trainval,0.6307692307692307,0.4124407693250813,2.6050280492711146
bostonHousing,ensemble,12,test,0.6274509803921569,0.4438420182419454,2.7649462393942064
bostonHousing,ensemble,13,trainval,0.6571428571428571,0.42093364359993324,2.5110039730538003
bostonHousing,ensemble,13,test,0.5882352941176471,0.512463794389096,3.2439972277734666
bostonHousing,ensemble,14,trainval,0.7076923076923077,0.4448825193892017,2.5337125466908783
bostonHousing,ensemble,14,test,0.6666666666666666,0.48334588548998425,2.7692277881791285
bostonHousing,ensemble,15,trainval,0.6923076923076923,0.40130518902786205,2.219377042196345
bostonHousing,ensemble,15,test,0.6078431372549019,0.4726065356560068,2.3814297641406954
bostonHousing,ensemble,16,trainval,0.6351648351648351,0.3892633814880131,2.466809949135636
bostonHousing,ensemble,16,test,0.5490196078431373,0.4469309998126592,3.039742245164947
bostonHousing,ensemble,17,trainval,0.7076923076923077,0.3847152941293226,2.208503305527657
bostonHousing,ensemble,17,test,0.6078431372549019,0.39263886820965627,2.954851873360678
bostonHousing,ensemble,18,trainval,0.734065934065934,0.40957404367012085,2.189627518603924
bostonHousing,ensemble,18,test,0.6470588235294118,0.4434580136739211,2.833735566237534
bostonHousing,ensemble,19,trainval,0.6285714285714286,0.40191926313317744,2.6070450788151263
bostonHousing,ensemble,19,test,0.47058823529411764,0.5067977285598222,4.273503113403294
bostonHousing,dropout,0,trainval,0.7714285714285715,0.8773746021556545,3.5661726
bostonHousing,dropout,0,test,0.7450980392156863,0.7641214843248334,3.1207967
bostonHousing,dropout,1,trainval,0.6043956043956044,0.5938429981144475,3.7580614
bostonHousing,dropout,1,test,0.5098039215686274,0.5328319938620378,3.4823694
bostonHousing,dropout,2,trainval,0.7208791208791209,0.6056850272550559,2.990722
bostonHousing,dropout,2,test,0.6274509803921569,0.6149545241530904,3.0043347
bostonHousing,dropout,3,trainval,0.5604395604395604,0.7257413354223712,4.006931
bostonHousing,dropout,3,test,0.5490196078431373,0.7504147072701225,3.7470329
bostonHousing,dropout,4,trainval,0.6659340659340659,0.6914666275031417,3.3262897
bostonHousing,dropout,4,test,0.6078431372549019,0.7799626163277723,5.1881638
bostonHousing,dropout,5,trainval,0.7494505494505495,0.6667264774549945,2.9267735
bostonHousing,dropout,5,test,0.7254901960784313,0.6987272649441589,3.0837357
bostonHousing,dropout,6,trainval,0.621978021978022,0.6717734889768705,3.482003
bostonHousing,dropout,6,test,0.6666666666666666,0.5266825162985928,3.1348293
bostonHousing,dropout,7,trainval,0.6615384615384615,0.5766076400961322,3.0138521
bostonHousing,dropout,7,test,0.5490196078431373,0.49625957538702414,3.7503183
bostonHousing,dropout,8,trainval,0.5758241758241758,0.6423524407328386,4.3316255
bostonHousing,dropout,8,test,0.4117647058823529,0.667792670863799,4.3930635
bostonHousing,dropout,9,trainval,0.7120879120879121,0.5604113013348567,2.724911
bostonHousing,dropout,9,test,0.6666666666666666,0.6318139059739587,5.8688593
bostonHousing,dropout,10,trainval,0.7450549450549451,0.6607567804504162,2.7458825
bostonHousing,dropout,10,test,0.7058823529411765,0.7139658686600961,3.7322993
bostonHousing,dropout,11,trainval,0.7384615384615385,0.9506239334150461,4.7690825
bostonHousing,dropout,11,test,0.6666666666666666,0.836702926616814,4.7676497
bostonHousing,dropout,12,trainval,0.48131868131868133,0.6816939181449623,3.7973206
bostonHousing,dropout,12,test,0.5294117647058824,0.6479451310886121,4.4398527
bostonHousing,dropout,13,trainval,0.5274725274725275,0.7442445213296277,4.631271
bostonHousing,dropout,13,test,0.49019607843137253,0.782494622341458,4.385345
bostonHousing,dropout,14,trainval,0.6967032967032967,0.7881051035163166,3.4891016
bostonHousing,dropout,14,test,0.6862745098039216,0.7493166264805085,3.5708618
bostonHousing,dropout,15,trainval,0.6923076923076923,0.8453042433921181,4.050184
bostonHousing,dropout,15,test,0.7058823529411765,0.9804769489399798,4.855683
bostonHousing,dropout,16,trainval,0.5296703296703297,0.5788765893214141,3.820846
bostonHousing,dropout,16,test,0.49019607843137253,0.5040932856965091,4.102023
bostonHousing,dropout,17,trainval,0.4945054945054945,0.540486273991987,3.9228427
bostonHousing,dropout,17,test,0.4117647058823529,0.5143038809522086,3.7993734
bostonHousing,dropout,18,trainval,0.6,0.5987380277955198,3.557749
bostonHousing,dropout,18,test,0.5686274509803921,0.6220314070117361,3.8031027
bostonHousing,dropout,19,trainval,0.6835164835164835,0.871023310245206,3.9972682
bostonHousing,dropout,19,test,0.7254901960784313,0.9498288797178914,4.9344106
bostonHousing,ll_dropout,0,trainval,0.06373626373626373,0.04357145816749422,2.5444572
bostonHousing,ll_dropout,0,test,0.0196078431372549,0.012151513398136592,2.5165129
bostonHousing,ll_dropout,1,trainval,0.23956043956043957,0.1836606552112831,2.4391437
bostonHousing,ll_dropout,1,test,0.21568627450980393,0.1536222584817206,3.1854613
bostonHousing,ll_dropout,2,trainval,0.17142857142857143,0.14665478006289956,2.8438125
bostonHousing,ll_dropout,2,test,0.09803921568627451,0.15235921541317568,3.1145742
bostonHousing,ll_dropout,3,trainval,0.33406593406593404,0.21435061005950526,2.59151
bostonHousing,ll_dropout,3,test,0.29411764705882354,0.22470523688352712,2.7912922
bostonHousing,ll_dropout,4,trainval,0.015384615384615385,0.021967250676934114,2.6716268
bostonHousing,ll_dropout,4,test,0.0,0.022188316541934486,4.530945
bostonHousing,ll_dropout,5,trainval,0.24395604395604395,0.19676860606122568,2.4561634
bostonHousing,ll_dropout,5,test,0.27450980392156865,0.1899818494493898,2.3559616
bostonHousing,ll_dropout,6,trainval,0.22417582417582418,0.3431592985690106,3.553554
bostonHousing,ll_dropout,6,test,0.2549019607843137,0.2635939328053453,3.164645
bostonHousing,ll_dropout,7,trainval,0.3010989010989011,0.19496923126562382,2.581087
bostonHousing,ll_dropout,7,test,0.29411764705882354,0.16515223098642826,3.5705326
bostonHousing,ll_dropout,8,trainval,0.2945054945054945,0.18890585213514116,2.858336
bostonHousing,ll_dropout,8,test,0.23529411764705882,0.20721898787682372,3.9698358
bostonHousing,ll_dropout,9,trainval,0.3252747252747253,0.3533934527176182,2.6717494
bostonHousing,ll_dropout,9,test,0.3333333333333333,0.3824692001612229,6.0158224
bostonHousing,ll_dropout,10,trainval,0.23076923076923078,0.173745999412656,2.346379
bostonHousing,ll_dropout,10,test,0.17647058823529413,0.1910466757721896,3.1073227
bostonHousing,ll_dropout,11,trainval,0.013186813186813187,0.016260256544637232,2.3572743
bostonHousing,ll_dropout,11,test,0.0,0.0008858036111120298,4.3342953
bostonHousing,ll_dropout,12,trainval,0.004395604395604396,0.005855958168129291,2.646274
bostonHousing,ll_dropout,12,test,0.0,0.003101642145708984,3.0260015
bostonHousing,ll_dropout,13,trainval,0.24175824175824176,0.36849959914850683,4.4025097
bostonHousing,ll_dropout,13,test,0.21568627450980393,0.42649603148220533,5.249455
bostonHousing,ll_dropout,14,trainval,0.035164835164835165,0.025062214037286777,2.4461324
bostonHousing,ll_dropout,14,test,0.0196078431372549,0.025563884715035297,3.0912576
bostonHousing,ll_dropout,15,trainval,0.2967032967032967,0.1969151548594767,2.6897645
bostonHousing,ll_dropout,15,test,0.29411764705882354,0.24638594734397512,3.115081
bostonHousing,ll_dropout,16,trainval,0.25054945054945055,0.1732976305040589,2.2588558
bostonHousing,ll_dropout,16,test,0.13725490196078433,0.14346919760962557,3.0951557
bostonHousing,ll_dropout,17,trainval,0.3384615384615385,0.2659223171338281,3.0021787
bostonHousing,ll_dropout,17,test,0.3333333333333333,0.2541473201350272,3.7246974
bostonHousing,ll_dropout,18,trainval,0.2879120879120879,0.2069767996858366,2.3649411
bostonHousing,ll_dropout,18,test,0.19607843137254902,0.21832237263844445,2.904987
bostonHousing,ll_dropout,19,trainval,0.4153846153846154,0.3962821752316382,3.4544928
bostonHousing,ll_dropout,19,test,0.4117647058823529,0.42623650998951024,5.6980376
concrete,ensemble,0,trainval,0.668824163969795,0.4470668915039323,4.310000706697901
concrete,ensemble,0,test,0.5048543689320388,0.466334065229204,6.099117940181366
concrete,ensemble,1,trainval,0.6796116504854369,0.4363194652684526,4.317147142136238
concrete,ensemble,1,test,0.5825242718446602,0.4710084518104126,5.712116041697611
concrete,ensemble,2,trainval,0.6763754045307443,0.44017673343583813,4.414390615889174
concrete,ensemble,2,test,0.5533980582524272,0.44771157662431066,5.344300099065062
concrete,ensemble,3,trainval,0.5846817691477886,0.4705719949242342,5.025913733730389
concrete,ensemble,3,test,0.6019417475728155,0.46755234558863096,6.128127468372624
concrete,ensemble,4,trainval,0.6903991370010788,0.45334877007329805,4.3169224259523595
concrete,ensemble,4,test,0.5436893203883495,0.4881103947916569,6.365868039652863
concrete,ensemble,5,trainval,0.6623516720604099,0.43993534718443855,4.378927531058271
concrete,ensemble,5,test,0.5922330097087378,0.4547928926776021,5.444466873669128
concrete,ensemble,6,trainval,0.7044228694714132,0.46033456680590923,4.353683010702859
concrete,ensemble,6,test,0.6310679611650486,0.48916983334773556,6.187092444705327
concrete,ensemble,7,trainval,0.6796116504854369,0.46613248138009894,4.377433588844883
concrete,ensemble,7,test,0.5825242718446602,0.47669443542898,5.829434717256377
concrete,ensemble,8,trainval,0.7076591154261057,0.48129111571747896,4.441739416117982
concrete,ensemble,8,test,0.5922330097087378,0.49982625357778204,5.656854481677401
concrete,ensemble,9,trainval,0.48651564185544766,0.353857426088598,5.071053575978191
concrete,ensemble,9,test,0.5048543689320388,0.36722889365663425,5.453531473246351
concrete,ensemble,10,trainval,0.7184466019417476,0.6669665167788782,6.006304546866043
concrete,ensemble,10,test,0.7572815533980582,0.6675060112442124,5.938953060626534
concrete,ensemble,11,trainval,0.47249190938511326,0.35688174041211596,5.105817025521119
concrete,ensemble,11,test,0.5242718446601942,0.37560687886222277,5.445266786226419
concrete,ensemble,12,trainval,0.6785329018338727,0.4458029596454152,4.415461772330534
concrete,ensemble,12,test,0.5922330097087378,0.4879928105232076,5.8832117102903245
concrete,ensemble,13,trainval,0.6612729234088457,0.46526926987499373,4.526400612675145
concrete,ensemble,13,test,0.6796116504854369,0.4954065534104612,5.125504361497447
concrete,ensemble,14,trainval,0.5382955771305286,0.4725239156859857,5.451198866245319
concrete,ensemble,14,test,0.44660194174757284,0.4732705147675624,6.481240255060626
concrete,ensemble,15,trainval,0.6677454153182308,0.44769245028417615,4.402938515087502
concrete,ensemble,15,test,0.6019417475728155,0.4600099926158331,5.398048742773367
concrete,ensemble,16,trainval,0.6947141316073355,0.4392816674268246,4.319185857378238
concrete,ensemble,16,test,0.5728155339805825,0.47346194759530696,5.544887618580279
concrete,ensemble,17,trainval,0.6418554476806904,0.42745786839702815,4.3489905619877955
concrete,ensemble,17,test,0.6019417475728155,0.4766714117794606,5.6616421012997025
concrete,ensemble,18,trainval,0.6957928802588996,0.44669799819114725,4.284033472274098
concrete,ensemble,18,test,0.5922330097087378,0.5119097700615381,6.47707090130157
concrete,ensemble,19,trainval,0.6839266450916937,0.4517401687319613,4.40480926680536
concrete,ensemble,19,test,0.6504854368932039,0.5009867371671859,6.037246819074557
concrete,dropout,0,trainval,0.8241639697950378,1.0559546093860857,6.692193
concrete,dropout,0,test,0.7475728155339806,1.0314041335861677,7.790784
concrete,dropout,1,trainval,0.6957928802588996,0.980177464090712,6.755523
concrete,dropout,1,test,0.7087378640776699,1.0025884167522952,8.0745125
concrete,dropout,2,trainval,0.8133764832793959,1.1037950544765416,6.8209863
concrete,dropout,2,test,0.7669902912621359,1.0603792897619997,7.2551312
concrete,dropout,3,trainval,0.6990291262135923,0.9034480013616825,7.154235
concrete,dropout,3,test,0.6893203883495146,0.9121589924586542,7.9183016
concrete,dropout,4,trainval,0.7702265372168284,1.0881102623266268,6.975163
concrete,dropout,4,test,0.6893203883495146,1.131672308942316,9.19913
concrete,dropout,5,trainval,0.7799352750809061,1.002182328848742,6.90024
concrete,dropout,5,test,0.7961165048543689,1.0856945782092926,7.4221454
concrete,dropout,6,trainval,0.8047464940668824,1.1142591999066862,7.0578375
concrete,dropout,6,test,0.7669902912621359,1.167125244823125,8.251099
concrete,dropout,7,trainval,0.7669902912621359,1.0492682185960778,6.8777094
concrete,dropout,7,test,0.7475728155339806,0.9721075699507422,7.0724564
concrete,dropout,8,trainval,0.7098166127292341,0.9599322460373678,6.5935965
concrete,dropout,8,test,0.6699029126213593,0.9257162216648662,7.4311166
concrete,dropout,9,trainval,0.6526429341963322,0.7308528849198718,5.9679227
concrete,dropout,9,test,0.6601941747572816,0.7421928040350224,6.138369
concrete,dropout,10,trainval,0.7044228694714132,1.1548464677656898,8.302635
concrete,dropout,10,test,0.7087378640776699,1.1651688785856393,8.131017
concrete,dropout,11,trainval,0.8565264293419633,1.143795391846206,6.9681616
concrete,dropout,11,test,0.8252427184466019,1.1865997006531521,7.639077
concrete,dropout,12,trainval,0.7367853290183387,1.0514540820207505,6.9233737
concrete,dropout,12,test,0.7475728155339806,1.0812224997191098,7.9418497
concrete,dropout,13,trainval,0.8004314994606256,1.0873704041490577,6.7295594
concrete,dropout,13,test,0.883495145631068,1.0991394701043513,6.6804514
concrete,dropout,14,trainval,0.7454153182308522,1.1905844505388719,8.310521
concrete,dropout,14,test,0.7184466019417476,1.1982445999110969,8.287061
concrete,dropout,15,trainval,0.8187702265372169,1.0830961995432853,6.804008
concrete,dropout,15,test,0.8252427184466019,1.0342812017594532,6.9940605
concrete,dropout,16,trainval,0.7454153182308522,0.9682182132493301,6.1792073
concrete,dropout,16,test,0.6116504854368932,0.9125479499706719,7.1027093
concrete,dropout,17,trainval,0.8090614886731392,0.9504275331631012,5.97612
concrete,dropout,17,test,0.7669902912621359,0.9778791157451994,6.7281103
concrete,dropout,18,trainval,0.6720604099244876,1.0845865485825883,8.08075
concrete,dropout,18,test,0.5728155339805825,1.0659107089303412,8.442028
concrete,dropout,19,trainval,0.5631067961165048,0.8938558592374707,6.9064035
concrete,dropout,19,test,0.6601941747572816,0.9326430216705148,7.549853
concrete,ll_dropout,0,trainval,0.016181229773462782,0.04700483755054036,6.087373
concrete,ll_dropout,0,test,0.02912621359223301,0.03621558266060823,7.76039
concrete,ll_dropout,1,trainval,0.018338727076591153,0.04842883791358335,5.901468
concrete,ll_dropout,1,test,0.019417475728155338,0.04747161602048543,6.681814
concrete,ll_dropout,2,trainval,0.0593311758360302,0.040676213069282215,5.1221385
concrete,ll_dropout,2,test,0.04854368932038835,0.031190916274973036,5.7527766
concrete,ll_dropout,3,trainval,0.05825242718446602,0.04723957995715461,4.9000425
concrete,ll_dropout,3,test,0.05825242718446602,0.053105241476042134,6.555505
concrete,ll_dropout,4,trainval,0.08198489751887811,0.08359605514426367,6.3425317
concrete,ll_dropout,4,test,0.04854368932038835,0.07371304475002621,8.908429
concrete,ll_dropout,5,trainval,0.034519956850053934,0.04665008233872179,5.7515655
concrete,ll_dropout,5,test,0.07766990291262135,0.05925278755079209,6.3833423
concrete,ll_dropout,6,trainval,0.030204962243797196,0.04451656912990044,4.732055
concrete,ll_dropout,6,test,0.009708737864077669,0.05449370617634355,6.375908
concrete,ll_dropout,7,trainval,0.04854368932038835,0.05689621022070145,5.285478
concrete,ll_dropout,7,test,0.04854368932038835,0.051793049760921944,5.722783
concrete,ll_dropout,8,trainval,0.06040992448759439,0.05004493254638727,5.2027674
concrete,ll_dropout,8,test,0.038834951456310676,0.058356430081901826,6.284075
concrete,ll_dropout,9,trainval,0.267529665587918,0.33992285534562827,7.0797358
concrete,ll_dropout,9,test,0.2524271844660194,0.37186915314315216,6.9842806
concrete,ll_dropout,10,trainval,0.030204962243797196,0.030482326571399418,5.175781
concrete,ll_dropout,10,test,0.009708737864077669,0.017414499327200853,5.6628833
concrete,ll_dropout,11,trainval,0.19633225458468176,0.18464559319034876,5.4619007
concrete,ll_dropout,11,test,0.14563106796116504,0.1752457496316088,6.367506
concrete,ll_dropout,12,trainval,0.3376483279395901,0.20508224017672594,4.820053
concrete,ll_dropout,12,test,0.32038834951456313,0.20184782021472988,6.421008
concrete,ll_dropout,13,trainval,0.08198489751887811,0.07186326499857226,5.319459
concrete,ll_dropout,13,test,0.08737864077669903,0.0659144700513767,5.652083
concrete,ll_dropout,14,trainval,0.07874865156418555,0.05757432956357486,4.5946445
concrete,ll_dropout,14,test,0.06796116504854369,0.06722317444786101,6.1992564
concrete,ll_dropout,15,trainval,0.41316073354908306,0.5387128730714891,7.0811405
concrete,ll_dropout,15,test,0.42718446601941745,0.533717730877478,7.1285663
concrete,ll_dropout,16,trainval,0.034519956850053934,0.041978036686468406,5.650893
concrete,ll_dropout,16,test,0.04854368932038835,0.04048873723751443,6.855616
concrete,ll_dropout,17,trainval,0.036677454153182305,0.03927287209448904,5.0537486
concrete,ll_dropout,17,test,0.02912621359223301,0.05541634046157929,6.552552
concrete,ll_dropout,18,trainval,0.05825242718446602,0.055530013228497675,4.8994384
concrete,ll_dropout,18,test,0.07766990291262135,0.02490125891794272,6.089469
concrete,ll_dropout,19,trainval,0.038834951456310676,0.05712319444457466,5.2591004
concrete,ll_dropout,19,test,0.019417475728155338,0.037199943647747605,6.904409
energy,ensemble,0,trainval,0.9044862518089725,0.2294606333110785,0.9656875868085492
energy,ensemble,0,test,0.8571428571428571,0.2382388273542702,1.0402131418430982
energy,ensemble,1,trainval,0.8668596237337193,0.23955643920996225,0.994318289574008
energy,ensemble,1,test,0.8311688311688312,0.2419113941665323,1.0892936497816366
energy,ensemble,2,trainval,0.9117221418234442,0.23709488604883489,0.9725066078961837
energy,ensemble,2,test,0.922077922077922,0.23278621546629527,0.981987648857707
energy,ensemble,3,trainval,0.9377713458755427,0.235903119225584,0.9726399160153534
energy,ensemble,3,test,0.8831168831168831,0.23104334896865322,0.9963271637833436
energy,ensemble,4,trainval,0.9059334298118669,0.23511559928416692,0.9635182271992814
energy,ensemble,4,test,0.8311688311688312,0.244711476334176,1.1282496162235118
energy,ensemble,5,trainval,0.8958031837916064,0.21643183961126597,0.9151207848135391
energy,ensemble,5,test,0.8311688311688312,0.2101742346525493,1.0302948108278305
energy,ensemble,6,trainval,0.9117221418234442,0.22624621652330476,0.9440872642691198
energy,ensemble,6,test,0.8311688311688312,0.2447636679201044,1.1432611392985783
energy,ensemble,7,trainval,0.9088277858176556,0.22837758167073713,0.9590864021230272
energy,ensemble,7,test,0.8701298701298701,0.2507929377662947,1.1335670956873298
energy,ensemble,8,trainval,0.8581765557163531,0.2555337030030812,1.1392415919964929
energy,ensemble,8,test,0.8311688311688312,0.27013609841266195,1.2164640349717104
energy,ensemble,9,trainval,0.9247467438494935,0.22987700939183497,0.949472519208906
energy,ensemble,9,test,0.922077922077922,0.26368211923035245,1.1817718848200247
energy,ensemble,10,trainval,0.894356005788712,0.22202848171836,0.9430467874418226
energy,ensemble,10,test,0.8961038961038961,0.24700304912159612,1.0472485717114377
energy,ensemble,11,trainval,0.8712011577424024,0.20970978775747653,0.9133691195976001
energy,ensemble,11,test,0.8311688311688312,0.20259323807545648,0.9998172038050192
energy,ensemble,12,trainval,0.8769898697539797,0.22092966452930546,0.9321261780144026
energy,ensemble,12,test,0.9090909090909091,0.2269682272406877,1.0336037158357962
energy,ensemble,13,trainval,0.9131693198263386,0.23092325268051844,0.9797896547168122
energy,ensemble,13,test,0.8571428571428571,0.24379438391415148,1.1201041053294407
energy,ensemble,14,trainval,0.7945007235890015,0.2504414683392086,1.1560052874477342
energy,ensemble,14,test,0.8441558441558441,0.24783736130613462,1.1585340302007043
energy,ensemble,15,trainval,0.9131693198263386,0.2258822475806048,0.9482543975913323
energy,ensemble,15,test,0.8701298701298701,0.22693923101196545,0.9931807270369079
energy,ensemble,16,trainval,0.9204052098408104,0.23148130287250232,0.9309922353785995
energy,ensemble,16,test,0.8831168831168831,0.23617746570130402,1.010222918730772
energy,ensemble,17,trainval,0.9030390738060782,0.22656366974038253,0.9798595354712568
energy,ensemble,17,test,0.8961038961038961,0.2241744041269054,1.00873684291348
energy,ensemble,18,trainval,0.9117221418234442,0.2699646932561459,1.1554069479434046
energy,ensemble,18,test,0.8311688311688312,0.25686178157965356,1.3649422619170162
energy,ensemble,19,trainval,0.9363241678726484,0.23278072438122696,0.9669815222859369
energy,ensemble,19,test,0.9090909090909091,0.2464753475879803,1.1469992164566891
energy,dropout,0,trainval,0.5586107091172214,0.5160962168340246,2.5390704
energy,dropout,0,test,0.4935064935064935,0.5088078090220318,2.3893805
energy,dropout,1,trainval,0.8958031837916064,0.5588162780188367,2.0112782
energy,dropout,1,test,0.9090909090909091,0.626155697063453,2.184946
energy,dropout,2,trainval,0.8118668596237337,0.5538844015954238,1.9981455
energy,dropout,2,test,0.8051948051948052,0.5462913808136848,1.9654183
energy,dropout,3,trainval,0.6164978292329957,0.4796628046782733,2.1840458
energy,dropout,3,test,0.5194805194805194,0.4398389300333857,2.2871783
energy,dropout,4,trainval,0.8798842257597684,0.5058880768198144,1.8192675
energy,dropout,4,test,0.8051948051948052,0.5217859440582442,2.116209
energy,dropout,5,trainval,0.9015918958031838,0.5750061612090981,2.0618148
energy,dropout,5,test,0.8571428571428571,0.5284855289081141,2.0783043
energy,dropout,6,trainval,0.8306801736613604,0.5730331016555025,2.1724248
energy,dropout,6,test,0.8181818181818182,0.6649811196359281,2.5521393
energy,dropout,7,trainval,0.8017366136034733,0.6046037871336196,2.3933418
energy,dropout,7,test,0.7792207792207793,0.6526955809356375,2.5496194
energy,dropout,8,trainval,0.788712011577424,0.5373243923020095,2.0942445
energy,dropout,8,test,0.7532467532467533,0.5256772756392554,1.9108027
energy,dropout,9,trainval,0.7337192474674384,0.5763528955046576,2.505951
energy,dropout,9,test,0.7402597402597403,0.6443753350181743,2.7430336
energy,dropout,10,trainval,0.9001447178002895,0.5916410810283748,2.1875408
energy,dropout,10,test,0.935064935064935,0.6479485507315315,2.3493805
energy,dropout,11,trainval,0.8683068017366136,0.5628608651148711,1.9516915
energy,dropout,11,test,0.8051948051948052,0.5267120919958375,1.9930519
energy,dropout,12,trainval,0.8856729377713459,0.6158652726033207,2.1957815
energy,dropout,12,test,0.8441558441558441,0.5924053314544464,2.1415048
energy,dropout,13,trainval,0.6526772793053546,0.5085490468506803,2.0461438
energy,dropout,13,test,0.6753246753246753,0.5791990404527038,2.2792947
energy,dropout,14,trainval,0.9276410998552822,0.6127368305886043,2.1140854
energy,dropout,14,test,0.8831168831168831,0.6416721461539311,2.1550431
energy,dropout,15,trainval,0.9421128798842258,0.5911357828649169,2.004696
energy,dropout,15,test,0.961038961038961,0.5975357452989508,2.0294907
energy,dropout,16,trainval,0.9507959479015919,0.6518962126809904,2.1100612
energy,dropout,16,test,0.9090909090909091,0.6905926214281991,2.30991
energy,dropout,17,trainval,0.8958031837916064,0.5626774100340531,2.0129948
energy,dropout,17,test,0.9090909090909091,0.5683870706296299,1.9270576
energy,dropout,18,trainval,0.9218523878437048,0.5965449870856542,1.99963
energy,dropout,18,test,0.922077922077922,0.5670955839058612,2.2525923
energy,dropout,19,trainval,0.7727930535455861,0.7280875416699384,3.4545834
energy,dropout,19,test,0.7012987012987013,0.7852722056133702,3.844399
energy,ll_dropout,0,trainval,0.15629522431259044,0.08743400399502618,1.1322172
energy,ll_dropout,0,test,0.09090909090909091,0.09726554258514224,1.107219
energy,ll_dropout,1,trainval,0.1476121562952243,0.09475364584064445,1.7816559
energy,ll_dropout,1,test,0.12987012987012986,0.09008934328781507,1.8455623
energy,ll_dropout,2,trainval,0.26772793053545585,0.09338619889400182,1.2459618
energy,ll_dropout,2,test,0.2597402597402597,0.09880209217549756,1.1264861
energy,ll_dropout,3,trainval,0.2894356005788712,0.1214855611708324,2.2758334
energy,ll_dropout,3,test,0.2597402597402597,0.0906333123069045,2.21781
energy,ll_dropout,4,trainval,0.3907380607814761,0.12293211025879348,1.8191468
energy,ll_dropout,4,test,0.36363636363636365,0.15040161981076564,1.8073896
energy,ll_dropout,5,trainval,0.3979739507959479,0.17920146962556777,1.2931719
energy,ll_dropout,5,test,0.3116883116883117,0.17081914070156481,1.4577127
energy,ll_dropout,6,trainval,0.14905933429811866,0.07636311510420797,1.0370451
energy,ll_dropout,6,test,0.12987012987012986,0.06507003617389259,1.1959006
energy,ll_dropout,7,trainval,0.11287988422575977,0.07985150578935164,1.1749084
energy,ll_dropout,7,test,0.15584415584415584,0.0725321113114268,1.1486678
energy,ll_dropout,8,trainval,0.6078147612156295,0.19998051632542949,1.6586965
energy,ll_dropout,8,test,0.5844155844155844,0.20364152059528862,1.7134573
energy,ll_dropout,9,trainval,0.30101302460202606,0.10663473407503075,0.98780686
energy,ll_dropout,9,test,0.23376623376623376,0.11040625529141411,1.0727488
energy,ll_dropout,10,trainval,0.8364688856729378,0.4190593034024546,2.2675374
energy,ll_dropout,10,test,0.7922077922077922,0.44939378676498504,2.543044
energy,ll_dropout,11,trainval,0.11143270622286541,0.07358967870875352,1.4438285
energy,ll_dropout,11,test,0.11688311688311688,0.08241257635757912,1.2728964
energy,ll_dropout,12,trainval,0.041968162083936326,0.08490691125541198,1.8091075
energy,ll_dropout,12,test,0.03896103896103896,0.10773604828135089,1.7097167
energy,ll_dropout,13,trainval,0.11143270622286541,0.09932117259550288,1.4873405
energy,ll_dropout,13,test,0.12987012987012986,0.11007191749959644,1.3950613
energy,ll_dropout,14,trainval,0.40086830680173663,0.1221765983814667,1.0632821
energy,ll_dropout,14,test,0.3246753246753247,0.1067970593575946,1.105565
energy,ll_dropout,15,trainval,0.2865412445730825,0.09851465414556965,1.4848459
energy,ll_dropout,15,test,0.23376623376623376,0.09896853811565384,1.6124371
energy,ll_dropout,16,trainval,0.3516642547033285,0.17736391349648234,1.2050339
energy,ll_dropout,16,test,0.2857142857142857,0.18036557964213887,1.3346167
energy,ll_dropout,17,trainval,0.20694645441389292,0.08397060105112214,1.3545411
energy,ll_dropout,17,test,0.19480519480519481,0.09311005776993009,1.4365203
energy,ll_dropout,18,trainval,0.2460202604920405,0.08203757360186507,1.429456
energy,ll_dropout,18,test,0.18181818181818182,0.06221097916441814,1.480342
energy,ll_dropout,19,trainval,0.3429811866859624,0.375075234154192,1.8193733
energy,ll_dropout,19,test,0.37662337662337664,0.3924841659287683,1.838703
kin8nm,ensemble,0,trainval,0.6873728468737285,0.5180783622632509,0.07744044451501002
kin8nm,ensemble,0,test,0.6471306471306472,0.5252982376341764,0.08554829427237326
kin8nm,ensemble,1,trainval,0.7173470771734708,0.5390042629128742,0.0781012399741663
kin8nm,ensemble,1,test,0.6642246642246642,0.5579644385990434,0.08814690198026619
kin8nm,ensemble,2,trainval,0.7340295673402957,0.5546828388423095,0.07827757804361828
kin8nm,ensemble,2,test,0.6935286935286935,0.5646166267020232,0.08424052050018513
kin8nm,ensemble,3,trainval,0.7290112572901126,0.5520659523207427,0.07915734980185579
kin8nm,ensemble,3,test,0.724053724053724,0.5641337768672702,0.08364270904049992
kin8nm,ensemble,4,trainval,0.7116506171165061,0.5237923603915621,0.0775811220528089
kin8nm,ensemble,4,test,0.6544566544566545,0.5383757348534854,0.08482027514314869
kin8nm,ensemble,5,trainval,0.7012071070120711,0.5207185208305369,0.07716324060615432
kin8nm,ensemble,5,test,0.6336996336996337,0.5295653773209863,0.08762252530360377
kin8nm,ensemble,6,trainval,0.724671097246711,0.5402301020038184,0.07709350443148323
kin8nm,ensemble,6,test,0.684981684981685,0.5578830406391418,0.08644943918657473
kin8nm,ensemble,7,trainval,0.6986301369863014,0.5285946556222957,0.07806637436864183
kin8nm,ensemble,7,test,0.6800976800976801,0.5449056188926445,0.08262152682584331
kin8nm,ensemble,8,trainval,0.7347077173470772,0.5525581841151532,0.07867492955509135
kin8nm,ensemble,8,test,0.6776556776556777,0.5585406904739535,0.08414820992796458
kin8nm,ensemble,9,trainval,0.7166689271666893,0.5490490277546363,0.07783675750030519
kin8nm,ensemble,9,test,0.673992673992674,0.5620683314813576,0.08695677011864848
kin8nm,ensemble,10,trainval,0.7136850671368506,0.5508190645131981,0.07901679056240307
kin8nm,ensemble,10,test,0.6752136752136753,0.5689850611496101,0.08636517785241574
kin8nm,ensemble,11,trainval,0.6769293367692933,0.5107194987883668,0.07760129285222817
kin8nm,ensemble,11,test,0.6251526251526252,0.5283042970252402,0.0871407967091678
kin8nm,ensemble,12,trainval,0.6963244269632443,0.5289223480274775,0.07821258184750218
kin8nm,ensemble,12,test,0.6422466422466423,0.546422135672412,0.08825709540474688
kin8nm,ensemble,13,trainval,0.7309100773091007,0.5558047332553262,0.07855843170171843
kin8nm,ensemble,13,test,0.7264957264957265,0.5725044368579378,0.08365071055200834
kin8nm,ensemble,14,trainval,0.6914417469144175,0.5217786436731439,0.07818069390620598
kin8nm,ensemble,14,test,0.6556776556776557,0.5433367901580041,0.08659045294252625
kin8nm,ensemble,15,trainval,0.7136850671368506,0.5348650493360504,0.0778565308668366
kin8nm,ensemble,15,test,0.6654456654456654,0.5379108729669856,0.08241926714004857
kin8nm,ensemble,16,trainval,0.7021565170215651,0.5251585163141657,0.07780171591476757
kin8nm,ensemble,16,test,0.6495726495726496,0.5397662318098831,0.08520972725539148
kin8nm,ensemble,17,trainval,0.6911704869117049,0.5192531871229141,0.07815390881490979
kin8nm,ensemble,17,test,0.663003663003663,0.5293047007355982,0.08501547359443166
kin8nm,ensemble,18,trainval,0.7041909670419096,0.5326581302867353,0.07761844534855687
kin8nm,ensemble,18,test,0.6556776556776557,0.5464806856576458,0.08683583396601273
kin8nm,ensemble,19,trainval,0.7288756272887563,0.5552247062951072,0.07879144991918281
kin8nm,ensemble,19,test,0.7191697191697192,0.5689191657195994,0.08507467376944101
kin8nm,dropout,0,trainval,0.8866133188661331,1.3108362028915908,0.1116354
kin8nm,dropout,0,test,0.8669108669108669,1.3103288225331382,0.11674702
kin8nm,dropout,1,trainval,0.860301098603011,1.3214133530973065,0.117137276
kin8nm,dropout,1,test,0.8595848595848596,1.3295732700942395,0.122616135
kin8nm,dropout,2,trainval,0.9070934490709345,1.3630842443171673,0.11426365
kin8nm,dropout,2,test,0.8913308913308914,1.3705525099815066,0.11752534
kin8nm,dropout,3,trainval,0.7690221076902211,1.164823660882654,0.11349084
kin8nm,dropout,3,test,0.7606837606837606,1.1781715833784279,0.11636722
kin8nm,dropout,4,trainval,0.852163298521633,1.2404883294978715,0.111821264
kin8nm,dropout,4,test,0.8351648351648352,1.2489367282190917,0.11471945
kin8nm,dropout,5,trainval,0.7994032279940323,1.207836771888142,0.11264029
kin8nm,dropout,5,test,0.7826617826617827,1.208216278412915,0.11907001
kin8nm,dropout,6,trainval,0.7833988878339889,1.1808121203796351,0.112843566
kin8nm,dropout,6,test,0.7875457875457875,1.199305923642878,0.119402595
kin8nm,dropout,7,trainval,0.7520683575206836,1.1668613322556973,0.11631668
kin8nm,dropout,7,test,0.7313797313797313,1.1526232451880016,0.12131758
kin8nm,dropout,8,trainval,0.8008951580089516,1.2786734500215253,0.12989666
kin8nm,dropout,8,test,0.8131868131868132,1.2845457605528006,0.12991183
kin8nm,dropout,9,trainval,0.8722365387223654,1.2863446686804416,0.11108979
kin8nm,dropout,9,test,0.8388278388278388,1.2832426597493276,0.117436394
kin8nm,dropout,10,trainval,0.7918079479180795,1.1799021288602307,0.112573184
kin8nm,dropout,10,test,0.7716727716727717,1.1985051802798863,0.11807174
kin8nm,dropout,11,trainval,0.7969618879696189,1.1814010021542711,0.112376764
kin8nm,dropout,11,test,0.7692307692307693,1.1905310882046514,0.1191347
kin8nm,dropout,12,trainval,0.873864098738641,1.298144636563413,0.11058863
kin8nm,dropout,12,test,0.8473748473748474,1.2790122608365602,0.11844089
kin8nm,dropout,13,trainval,0.83724399837244,1.2296533128596976,0.10980163
kin8nm,dropout,13,test,0.8473748473748474,1.2787680017505318,0.11531954
kin8nm,dropout,14,trainval,0.8609792486097925,1.2911584418516815,0.115797564
kin8nm,dropout,14,test,0.8608058608058609,1.2969050555257462,0.1224
kin8nm,dropout,15,trainval,0.8333107283331073,1.3705448764297976,0.1325882
kin8nm,dropout,15,test,0.811965811965812,1.33935252554373,0.13267621
kin8nm,dropout,16,trainval,0.7443374474433745,0.9835027614582748,0.10782811
kin8nm,dropout,16,test,0.7142857142857143,0.9756416249688088,0.111403376
kin8nm,dropout,17,trainval,0.7219584972195849,1.1410531935182104,0.12674381
kin8nm,dropout,17,test,0.7094017094017094,1.1581610285199397,0.12762783
kin8nm,dropout,18,trainval,0.8281567882815679,1.223356116835029,0.11126133
kin8nm,dropout,18,test,0.796092796092796,1.2146879203760763,0.117676765
kin8nm,dropout,19,trainval,0.7988607079886071,1.2097468058501006,0.11295953
kin8nm,dropout,19,test,0.7777777777777778,1.2128368251519337,0.12002125
kin8nm,ll_dropout,0,trainval,0.23491116234911164,0.2406588946501854,0.08295051
kin8nm,ll_dropout,0,test,0.2454212454212454,0.2448617874472177,0.092346735
kin8nm,ll_dropout,1,trainval,0.028075410280754103,0.05340759392718319,0.10832672
kin8nm,ll_dropout,1,test,0.03418803418803419,0.04652348136498918,0.11415168
kin8nm,ll_dropout,2,trainval,0.3605045436050454,0.2833913595250924,0.09150937
kin8nm,ll_dropout,2,test,0.33455433455433453,0.2751240231132889,0.0942372
kin8nm,ll_dropout,3,trainval,0.052760070527600705,0.05500240246841438,0.11066186
kin8nm,ll_dropout,3,test,0.040293040293040296,0.05105790629418201,0.112641454
kin8nm,ll_dropout,4,trainval,0.28129662281296625,0.26308507312030455,0.084939234
kin8nm,ll_dropout,4,test,0.2503052503052503,0.24844470750332165,0.092735395
kin8nm,ll_dropout,5,trainval,0.1779465617794656,0.20155609181683834,0.118748166
kin8nm,ll_dropout,5,test,0.19291819291819293,0.20129427398649466,0.12472516
kin8nm,ll_dropout,6,trainval,0.27288756272887565,0.24725920138433635,0.08194711
kin8nm,ll_dropout,6,test,0.24786324786324787,0.24142932654426041,0.09105016
kin8nm,ll_dropout,7,trainval,0.22121253221212533,0.2425030049261192,0.09607805
kin8nm,ll_dropout,7,test,0.20634920634920634,0.2524842535917726,0.10318957
kin8nm,ll_dropout,8,trainval,0.256340702563407,0.23515975336082667,0.083272666
kin8nm,ll_dropout,8,test,0.2515262515262515,0.23705931418505663,0.089203276
kin8nm,ll_dropout,9,trainval,0.25430625254306255,0.23279351449252716,0.08160171
kin8nm,ll_dropout,9,test,0.221001221001221,0.2358192750328424,0.09311504
kin8nm,ll_dropout,10,trainval,0.06469551064695511,0.07829450340452573,0.104273684
kin8nm,ll_dropout,10,test,0.07692307692307693,0.0806064860031248,0.10651867
kin8nm,ll_dropout,11,trainval,0.23586057235860572,0.22649813313362357,0.09003982
kin8nm,ll_dropout,11,test,0.2039072039072039,0.2255815807742884,0.09974562
kin8nm,ll_dropout,12,trainval,0.27085311270853113,0.24313747549660883,0.08349911
kin8nm,ll_dropout,12,test,0.24175824175824176,0.24842380017440138,0.09234265
kin8nm,ll_dropout,13,trainval,0.25756137257561373,0.24214444994900158,0.08429163
kin8nm,ll_dropout,13,test,0.26495726495726496,0.24041301969261475,0.08706573
kin8nm,ll_dropout,14,trainval,0.24779601247796013,0.24668701914469934,0.08596844
kin8nm,ll_dropout,14,test,0.25518925518925517,0.25735463696546856,0.095009066
kin8nm,ll_dropout,15,trainval,0.2652922826529228,0.2562337519515868,0.08476879
kin8nm,ll_dropout,15,test,0.2588522588522589,0.253819259607042,0.09199294
kin8nm,ll_dropout,16,trainval,0.1759121117591211,0.200338005443729,0.09331555
kin8nm,ll_dropout,16,test,0.15384615384615385,0.20029427168801658,0.09829883
kin8nm,ll_dropout,17,trainval,0.0318730503187305,0.04720440546939639,0.097848296
kin8nm,ll_dropout,17,test,0.02564102564102564,0.03645543695809332,0.10274561
kin8nm,ll_dropout,18,trainval,0.24983046249830462,0.23357028300299051,0.08603547
kin8nm,ll_dropout,18,test,0.2258852258852259,0.23613977186018156,0.095673814
kin8nm,ll_dropout,19,trainval,0.2553912925539129,0.23038978201603338,0.08381123
kin8nm,ll_dropout,19,test,0.23687423687423687,0.23407139239461605,0.09171821
naval-propulsion-plant,ensemble,0,trainval,0.7733916767526301,0.595904119974829,0.004246362447856167
naval-propulsion-plant,ensemble,0,test,0.7829002514668902,0.6032028867775694,0.004242289668646709
naval-propulsion-plant,ensemble,1,trainval,0.8631412345219254,0.6217018221982739,0.003913018889290632
naval-propulsion-plant,ensemble,1,test,0.8692372170997485,0.6087574520694615,0.0038109160766311486
naval-propulsion-plant,ensemble,2,trainval,0.82813518294386,0.5858097372582843,0.003857227341617045
naval-propulsion-plant,ensemble,2,test,0.8256496227996647,0.5898363109415352,0.003893089933310213
naval-propulsion-plant,ensemble,3,trainval,0.8122148775719207,0.5410940137603555,0.00369433887901957
naval-propulsion-plant,ensemble,3,test,0.8055322715842415,0.537932016643918,0.003696394325341641
naval-propulsion-plant,ensemble,4,trainval,0.8396797318685411,0.6213665670413807,0.003861727720992565
naval-propulsion-plant,ensemble,4,test,0.8348700754400671,0.630611372428658,0.003905420832357662
naval-propulsion-plant,ensemble,5,trainval,0.8025323526673495,0.6089003670353048,0.004162389925939837
naval-propulsion-plant,ensemble,5,test,0.8080469404861693,0.6114309502610051,0.004167949235674939
naval-propulsion-plant,ensemble,6,trainval,0.8019737454613165,0.5826136710510856,0.0038040148758367648
naval-propulsion-plant,ensemble,6,test,0.7996647108130763,0.589773890229246,0.0038740694892183884
naval-propulsion-plant,ensemble,7,trainval,0.7840052136672563,0.5869272562447018,0.004130223928415597
naval-propulsion-plant,ensemble,7,test,0.7812238055322716,0.5908772612861694,0.004207288523338622
naval-propulsion-plant,ensemble,8,trainval,0.7189274741644167,0.557875666747967,0.003955894638972711
naval-propulsion-plant,ensemble,8,test,0.7200335289186923,0.5666176788241323,0.004024219022293845
naval-propulsion-plant,ensemble,9,trainval,0.7624988362349874,0.5852113500733037,0.0040483132427793665
naval-propulsion-plant,ensemble,9,test,0.7594300083822296,0.5900930271521412,0.004073291124835611
naval-propulsion-plant,ensemble,10,trainval,0.8142631039940416,0.6299745590417709,0.003990094085161257
naval-propulsion-plant,ensemble,10,test,0.8105616093880972,0.6381608316781546,0.004023959162733245
naval-propulsion-plant,ensemble,11,trainval,0.8284144865468764,0.6146583594299455,0.003934493825123577
naval-propulsion-plant,ensemble,11,test,0.8164291701592624,0.6115772500084753,0.003982833413553064
naval-propulsion-plant,ensemble,12,trainval,0.8627688297179034,0.6521035000518111,0.004197833413593847
naval-propulsion-plant,ensemble,12,test,0.856663872590109,0.6630526888466597,0.004242502534234859
naval-propulsion-plant,ensemble,13,trainval,0.81491481240108,0.6376133264639069,0.004285543905401298
naval-propulsion-plant,ensemble,13,test,0.8164291701592624,0.6399752148453145,0.004319427190058636
naval-propulsion-plant,ensemble,14,trainval,0.7659435806721907,0.5734526445782002,0.0043674013410218955
naval-propulsion-plant,ensemble,14,test,0.7451802179379715,0.5724719909718637,0.004337550652120285
naval-propulsion-plant,ensemble,15,trainval,0.8625826273158924,0.6360514060744836,0.004283879933588913
naval-propulsion-plant,ensemble,15,test,0.8692372170997485,0.6353598304042312,0.004282698357447294
naval-propulsion-plant,ensemble,16,trainval,0.7900567917326133,0.5803280862446375,0.004039666356463101
naval-propulsion-plant,ensemble,16,test,0.8013411567476949,0.5825375208047792,0.003992226475956227
naval-propulsion-plant,ensemble,17,trainval,0.8022530490643329,0.6127009019964391,0.004282807896024256
naval-propulsion-plant,ensemble,17,test,0.8139145012573344,0.6165575300940195,0.004285884026017641
naval-propulsion-plant,ensemble,18,trainval,0.7975979890140583,0.6516144707293041,0.004389565257235172
naval-propulsion-plant,ensemble,18,test,0.7736797988264879,0.6440330846584363,0.004383708280644662
naval-propulsion-plant,ensemble,19,trainval,0.7832604040592124,0.5770907112431921,0.004230268325154918
naval-propulsion-plant,ensemble,19,test,0.7829002514668902,0.5740846500506586,0.004224999291271909
naval-propulsion-plant,dropout,0,trainval,0.920863979145331,1.1840657495324864,0.005278298
naval-propulsion-plant,dropout,0,test,0.9304274937133278,1.2165364694238043,0.005360348
naval-propulsion-plant,dropout,1,trainval,0.9391118145424076,1.0955620669928778,0.004904784
naval-propulsion-plant,dropout,1,test,0.942162615255658,1.0883131630968843,0.0048927944
naval-propulsion-plant,dropout,2,trainval,0.9197467647332651,1.1559083289952319,0.005222378
naval-propulsion-plant,dropout,2,test,0.9161777032690696,1.1564249968974698,0.0052783582
naval-propulsion-plant,dropout,3,trainval,0.919560562331254,1.1668955870680802,0.0054418654
naval-propulsion-plant,dropout,3,test,0.9237217099748533,1.1744425809252788,0.0054506627
naval-propulsion-plant,dropout,4,trainval,0.9033609533562983,1.2059333508172296,0.005589691
naval-propulsion-plant,dropout,4,test,0.9027661357921207,1.2136857282691638,0.0056458474
naval-propulsion-plant,dropout,5,trainval,0.8757098966576669,1.10471233651751,0.0057030246
naval-propulsion-plant,dropout,5,test,0.86756077116513,1.104543657901345,0.005700264
naval-propulsion-plant,dropout,6,trainval,0.9149055022809794,1.1467948304781788,0.005451468
naval-propulsion-plant,dropout,6,test,0.9077954735959766,1.1570760348238323,0.005577101
naval-propulsion-plant,dropout,7,trainval,0.8928405176426776,1.1407840421301916,0.0052878624
naval-propulsion-plant,dropout,7,test,0.8792958927074602,1.144629313371685,0.005324607
naval-propulsion-plant,dropout,8,trainval,0.9726282469043851,1.2397321063936535,0.0052216216
naval-propulsion-plant,dropout,8,test,0.9740150880134115,1.2397240940812844,0.005226933
naval-propulsion-plant,dropout,9,trainval,0.9161158178940508,1.102210867130102,0.005145096
naval-propulsion-plant,dropout,9,test,0.9103101424979044,1.1087305443517053,0.005232631
naval-propulsion-plant,dropout,10,trainval,0.9297085932408528,1.1846166279034023,0.0052932156
naval-propulsion-plant,dropout,10,test,0.9337803855825649,1.1866173586244897,0.005304573
naval-propulsion-plant,dropout,11,trainval,0.965831859230984,1.1575791280804055,0.005284896
naval-propulsion-plant,dropout,11,test,0.9631181894383906,1.1753869353409183,0.005448921
naval-propulsion-plant,dropout,12,trainval,0.848151941160041,1.136309939718006,0.0062196897
naval-propulsion-plant,dropout,12,test,0.8382229673093042,1.1401681027728572,0.006337408
naval-propulsion-plant,dropout,13,trainval,0.8165906340191789,1.110105783880044,0.005786281
naval-propulsion-plant,dropout,13,test,0.8197820620284996,1.0953243179043266,0.00566805
naval-propulsion-plant,dropout,14,trainval,0.9398566241504516,1.1665938290939657,0.00518524
naval-propulsion-plant,dropout,14,test,0.9455155071248952,1.1651595333965334,0.0052189305
naval-propulsion-plant,dropout,15,trainval,0.9158365142910344,1.1457313390237058,0.0050654095
naval-propulsion-plant,dropout,15,test,0.9346186085498742,1.1406611434817313,0.0050323554
naval-propulsion-plant,dropout,16,trainval,0.9569872451354623,1.1893189255363363,0.0051832213
naval-propulsion-plant,dropout,16,test,0.9564124056999161,1.1892222312913203,0.005162331
naval-propulsion-plant,dropout,17,trainval,0.9893864630853738,1.1817294037749078,0.0050382647
naval-propulsion-plant,dropout,17,test,0.9907795473595976,1.1811194786839527,0.0050148997
naval-propulsion-plant,dropout,18,trainval,0.9409738385625175,1.187824315601783,0.005489037
naval-propulsion-plant,dropout,18,test,0.9388097233864208,1.1800799291171096,0.005437249
naval-propulsion-plant,dropout,19,trainval,0.954287310306303,1.1180318017764834,0.005101365
naval-propulsion-plant,dropout,19,test,0.9497066219614417,1.1277251845438245,0.0051511624
naval-propulsion-plant,ll_dropout,0,trainval,0.27660366818731963,0.293899566933978,0.0060807522
naval-propulsion-plant,ll_dropout,0,test,0.269907795473596,0.29622745786329013,0.0059903064
naval-propulsion-plant,ll_dropout,1,trainval,0.25118704031282,0.3000020641382716,0.0058925706
naval-propulsion-plant,ll_dropout,1,test,0.2514668901927913,0.3033984252174402,0.0057219663
naval-propulsion-plant,ll_dropout,2,trainval,0.20221580858393073,0.26685632127107695,0.0054794033
naval-propulsion-plant,ll_dropout,2,test,0.19362950544844929,0.270684219620736,0.0055062682
naval-propulsion-plant,ll_dropout,3,trainval,0.31356484498650034,0.3237195045769077,0.004741626
naval-propulsion-plant,ll_dropout,3,test,0.3101424979044426,0.3211994627656624,0.0047602467
naval-propulsion-plant,ll_dropout,4,trainval,0.20901219625733172,0.24886502502143812,0.0064983256
naval-propulsion-plant,ll_dropout,4,test,0.20955574182732606,0.24776137297181391,0.0065549216
naval-propulsion-plant,ll_dropout,5,trainval,0.28758960990596777,0.2846701778401597,0.005083866
naval-propulsion-plant,ll_dropout,5,test,0.2917015926236379,0.2867979646993841,0.005042479
naval-propulsion-plant,ll_dropout,6,trainval,0.4015454799366912,0.28013116152668427,0.0032363406
naval-propulsion-plant,ll_dropout,6,test,0.40318524727577537,0.27868996307450705,0.0032360156
naval-propulsion-plant,ll_dropout,7,trainval,0.4666232194395308,0.26442864955515755,0.0030444362
naval-propulsion-plant,ll_dropout,7,test,0.4450963956412406,0.264098766510921,0.0030924804
naval-propulsion-plant,ll_dropout,8,trainval,0.4315240666604599,0.29486189046187483,0.0037868249
naval-propulsion-plant,ll_dropout,8,test,0.432523051131601,0.2930795270771817,0.0037515853
naval-propulsion-plant,ll_dropout,9,trainval,0.23405641932780932,0.2761249593138313,0.005021847
naval-propulsion-plant,ll_dropout,9,test,0.23218776194467727,0.2789053861439372,0.0051961243
naval-propulsion-plant,ll_dropout,10,trainval,0.3854389721627409,0.28032155268928105,0.0034696942
naval-propulsion-plant,ll_dropout,10,test,0.3763621123218776,0.2805662789011296,0.0035339915
naval-propulsion-plant,ll_dropout,11,trainval,0.0,0.0,0.014674946
naval-propulsion-plant,ll_dropout,11,test,0.0,0.0,0.015138815
naval-propulsion-plant,ll_dropout,12,trainval,0.4094590820221581,0.30487812264301273,0.0036972824
naval-propulsion-plant,ll_dropout,12,test,0.40234702430846603,0.3027423877727918,0.003754949
naval-propulsion-plant,ll_dropout,13,trainval,0.3263197095242529,0.2698699328465285,0.004095795
naval-propulsion-plant,ll_dropout,13,test,0.34534786253143335,0.2683226195416425,0.003945331
naval-propulsion-plant,ll_dropout,14,trainval,0.0,0.0,0.014746311
naval-propulsion-plant,ll_dropout,14,test,0.0,0.0,0.01453199
naval-propulsion-plant,ll_dropout,15,trainval,0.005679173261335071,0.011777573697973753,0.0053399685
naval-propulsion-plant,ll_dropout,15,test,0.006705783738474434,0.012334944037365878,0.005338468
naval-propulsion-plant,ll_dropout,16,trainval,0.4149520528814822,0.2883088824319191,0.003335612
naval-propulsion-plant,ll_dropout,16,test,0.4291701592623638,0.28951332508695754,0.0033514686
naval-propulsion-plant,ll_dropout,17,trainval,0.0,0.0,0.014755398
naval-propulsion-plant,ll_dropout,17,test,0.0,0.0,0.014393435
naval-propulsion-plant,ll_dropout,18,trainval,0.25230425472488593,0.24627900502988967,0.004212751
naval-propulsion-plant,ll_dropout,18,test,0.2598491198658843,0.24559029278696423,0.0043390756
naval-propulsion-plant,ll_dropout,19,trainval,0.5016292710175961,0.3199152758734308,0.0033802397
naval-propulsion-plant,ll_dropout,19,test,0.5062866722548198,0.32211098477246997,0.0034513897
power-plant,ensemble,0,trainval,0.2809197538032749,0.1661753369087432,4.097019393356293
power-plant,ensemble,0,test,0.29153605015673983,0.17183101287730143,4.392186991123978
power-plant,ensemble,1,trainval,0.4297990941818604,0.2645669746762512,4.219235632722613
power-plant,ensemble,1,test,0.4378265412748171,0.26188116123786814,4.06928542343497
power-plant,ensemble,2,trainval,0.4480315875043549,0.27609132555225047,4.23372453078183
power-plant,ensemble,2,test,0.4785788923719958,0.2777040225895634,4.229364370761098
power-plant,ensemble,3,trainval,0.4270119614446638,0.25711195237859785,4.143336645826976
power-plant,ensemble,3,test,0.4482758620689655,0.2621188237043307,4.387501235599413
power-plant,ensemble,4,trainval,0.41493438625014517,0.24949727144237552,4.195060006949641
power-plant,ensemble,4,test,0.400208986415883,0.24760801770477475,4.475329935625418
power-plant,ensemble,5,trainval,0.2984554639414702,0.17510974046370728,4.115719916580342
power-plant,ensemble,5,test,0.26227795193312436,0.17642072913176038,4.279670349297087
power-plant,ensemble,6,trainval,0.311229822320288,0.18869164322370036,4.156531722010429
power-plant,ensemble,6,test,0.2946708463949843,0.18796669301678848,4.1610655929958265
power-plant,ensemble,7,trainval,0.3185460457554291,0.19336770734930062,4.1784098052583785
power-plant,ensemble,7,test,0.29153605015673983,0.1927210649667305,4.060924446593642
power-plant,ensemble,8,trainval,0.4774126117756358,0.3020953581967113,4.2610526098597585
power-plant,ensemble,8,test,0.48066875653082547,0.30243391235137224,4.579746222691406
power-plant,ensemble,9,trainval,0.4388572755777494,0.2704715121795728,4.217992436898795
power-plant,ensemble,9,test,0.4399164054336468,0.27218365966680047,4.234957021649178
power-plant,ensemble,10,trainval,0.4068052490999884,0.240839679134943,4.1691471606407
power-plant,ensemble,10,test,0.3897596656217346,0.24443047610048946,4.2004054095696635
power-plant,ensemble,11,trainval,0.47985135292068287,0.31129608931125685,4.264330497132495
power-plant,ensemble,11,test,0.4702194357366771,0.30702966934469633,4.530232146380677
power-plant,ensemble,12,trainval,0.4411798861920799,0.26982780637606385,4.2293193563166485
power-plant,ensemble,12,test,0.4367816091954023,0.27428623337248,4.130928511722007
power-plant,ensemble,13,trainval,0.4448960631750087,0.2708466763187232,4.232050420188138
power-plant,ensemble,13,test,0.4179728317659352,0.27456395063044386,4.433875673128276
power-plant,ensemble,14,trainval,0.44013471141563115,0.2630154955609079,4.1984291183359215
power-plant,ensemble,14,test,0.4263322884012539,0.2642956278711415,4.259059149402711
power-plant,ensemble,15,trainval,0.4608059458831727,0.27841417119673756,4.209136097010696
power-plant,ensemble,15,test,0.4535005224660397,0.28047623990050435,4.15757217662501
power-plant,ensemble,16,trainval,0.44094762513064684,0.2663513503158537,4.196494951897989
power-plant,ensemble,16,test,0.4503657262277952,0.27318762289380805,4.209716155250896
power-plant,ensemble,17,trainval,0.2942747648356753,0.17533300161472373,4.139731385421483
power-plant,ensemble,17,test,0.29258098223615464,0.17804784572167068,4.110949096292664
power-plant,ensemble,18,trainval,0.4613865985367553,0.28131427777226364,4.222453620627874
power-plant,ensemble,18,test,0.4263322884012539,0.2777678240352897,4.41013066303863
power-plant,ensemble,19,trainval,0.4344443154105214,0.2573933898632732,4.182084789918212
power-plant,ensemble,19,test,0.4263322884012539,0.2616982472380886,4.590285830493351
power-plant,dropout,0,trainval,0.3776564858901405,0.29619571776505077,4.489569
power-plant,dropout,0,test,0.3709508881922675,0.2974240952521949,4.766962
power-plant,dropout,1,trainval,0.3720822204157473,0.28793165995761383,4.4663897
power-plant,dropout,1,test,0.3761755485893417,0.289339089388983,4.2789345
power-plant,dropout,2,trainval,0.3739403089072117,0.2802083261276425,4.396388
power-plant,dropout,2,test,0.40752351097178685,0.28173446665794927,4.460193
power-plant,dropout,3,trainval,0.38926953896179306,0.28781601478906405,4.3558016
power-plant,dropout,3,test,0.40856844305120166,0.2870551841178974,4.562588
power-plant,dropout,4,trainval,0.37835326907443967,0.2860072411191707,4.344862
power-plant,dropout,4,test,0.36990595611285265,0.2930260037286177,4.5605874
power-plant,dropout,5,trainval,0.4150505167808617,0.2978723912595455,4.4212246
power-plant,dropout,5,test,0.38140020898641586,0.29658268707062313,4.5032277
power-plant,dropout,6,trainval,0.39008245267680874,0.28571635549051333,4.3476195
power-plant,dropout,6,test,0.3887147335423197,0.29545659008773306,4.3374276
power-plant,dropout,7,trainval,0.39275345488328883,0.29302650226375243,4.4469113
power-plant,dropout,7,test,0.3897596656217346,0.30146185402332937,4.258483
power-plant,dropout,8,trainval,0.702473580304262,0.6971356755544713,5.656692
power-plant,dropout,8,test,0.7011494252873564,0.7012271140324347,5.90646
power-plant,dropout,9,trainval,0.4061084659156892,0.3059421877872574,4.4518557
power-plant,dropout,9,test,0.4231974921630094,0.310967484098953,4.4916296
power-plant,dropout,10,trainval,0.3803274880966206,0.2870941255446268,4.3917766
power-plant,dropout,10,test,0.3845350052246604,0.2910784321471282,4.3526087
power-plant,dropout,11,trainval,0.38009522703518756,0.29049588257907316,4.4016576
power-plant,dropout,11,test,0.3834900731452456,0.29180883070650865,4.650399
power-plant,dropout,12,trainval,0.3948438044361863,0.28119958881343193,4.422905
power-plant,dropout,12,test,0.38035527690700105,0.28609029265153396,4.303012
power-plant,dropout,13,trainval,0.391243757983974,0.2920815158577759,4.376832
power-plant,dropout,13,test,0.3730407523510972,0.29256151187413626,4.424527
power-plant,dropout,14,trainval,0.4304958773661596,0.3054283677829044,4.417524
power-plant,dropout,14,test,0.41379310344827586,0.30339275744644256,4.3955646
power-plant,dropout,15,trainval,0.3857856230402973,0.2979979737934487,4.5011077
power-plant,dropout,15,test,0.400208986415883,0.3018729420416104,4.396436
power-plant,dropout,16,trainval,0.4021600278713274,0.30121002243756545,4.4491796
power-plant,dropout,16,test,0.4315569487983281,0.30953707994826885,4.405384
power-plant,dropout,17,trainval,0.42538613401463243,0.30798585160121195,4.4781575
power-plant,dropout,17,test,0.43051201671891326,0.3150092990822841,4.5109687
power-plant,dropout,18,trainval,0.6209499477412612,0.5054703768442887,4.5787964
power-plant,dropout,18,test,0.6060606060606061,0.5046004186457614,4.754536
power-plant,dropout,19,trainval,0.6394147021251887,0.5143766813400341,4.5692453
power-plant,dropout,19,test,0.619644723092999,0.5200959460517557,4.9583735
power-plant,ll_dropout,0,trainval,0.08523980954592962,0.07239123411293438,4.393965
power-plant,ll_dropout,0,test,0.08045977011494253,0.0661452362916529,4.713569
power-plant,ll_dropout,1,trainval,0.12367901521309953,0.09784270248391155,4.795115
power-plant,ll_dropout,1,test,0.1044932079414838,0.08637235600702799,4.678828
power-plant,ll_dropout,2,trainval,0.06782022993845081,0.0694854498573818,4.7313685
power-plant,ll_dropout,2,test,0.08568443051201671,0.06556346086012275,4.6251445
power-plant,ll_dropout,3,trainval,0.08883985599814191,0.07587114148373628,4.4438305
power-plant,ll_dropout,3,test,0.07836990595611286,0.06600244679287501,4.608442
power-plant,ll_dropout,4,trainval,0.04169086052723261,0.04300060665661551,4.652107
power-plant,ll_dropout,4,test,0.03343782654127482,0.034455870141973655,4.8246365
power-plant,ll_dropout,5,trainval,0.028219718964115667,0.03250818280342105,4.6102376
power-plant,ll_dropout,5,test,0.027168234064785787,0.027882915597321596,4.714196
power-plant,ll_dropout,6,trainval,0.05249099988386947,0.05276974932797437,4.5687656
power-plant,ll_dropout,6,test,0.054336468129571575,0.05329199408205256,4.6052356
power-plant,ll_dropout,7,trainval,0.26791313436302405,0.18915450191408084,4.4063087
power-plant,ll_dropout,7,test,0.25287356321839083,0.19154869340333827,4.337836
power-plant,ll_dropout,8,trainval,0.09789803739403088,0.07880583746555818,4.4471297
power-plant,ll_dropout,8,test,0.0741901776384535,0.06991332621554225,4.6641498
power-plant,ll_dropout,9,trainval,0.07246545116711184,0.07261747392929316,4.6641645
power-plant,ll_dropout,9,test,0.06583072100313479,0.06804860454116497,4.6331453
power-plant,ll_dropout,10,trainval,0.27116478922308673,0.18887174640070375,4.3108664
power-plant,ll_dropout,10,test,0.27899686520376177,0.19067361654256926,4.2926407
power-plant,ll_dropout,11,trainval,0.24236441760538846,0.18247723220262957,4.7185297
power-plant,ll_dropout,11,test,0.2309299895506792,0.1767498308947044,4.876276
power-plant,ll_dropout,12,trainval,0.29171989315991176,0.18811293722120723,4.346801
power-plant,ll_dropout,12,test,0.28213166144200624,0.19000806702471487,4.1605635
power-plant,ll_dropout,13,trainval,0.053768435721751245,0.057317581012430605,4.577978
power-plant,ll_dropout,13,test,0.04806687565308255,0.05436214218107477,4.6941886
power-plant,ll_dropout,14,trainval,0.025897108349785158,0.03467285118865672,4.690677
power-plant,ll_dropout,14,test,0.027168234064785787,0.03452744732372563,4.667074
power-plant,ll_dropout,15,trainval,0.05121356404598769,0.06888699023902921,4.940578
power-plant,ll_dropout,15,test,0.0438871473354232,0.06413747999905679,4.851024
power-plant,ll_dropout,16,trainval,0.06735570781558471,0.07527618770927771,5.2687497
power-plant,ll_dropout,16,test,0.07628004179728318,0.07260445614760216,5.2560897
power-plant,ll_dropout,17,trainval,0.253977470677041,0.18023289364645537,4.6078877
power-plant,ll_dropout,17,test,0.2560083594566353,0.18346186039913714,4.613128
power-plant,ll_dropout,18,trainval,0.11694344443154105,0.09095994621581849,5.9370184
power-plant,ll_dropout,18,test,0.12225705329153605,0.08318592427389607,6.0187874
power-plant,ll_dropout,19,trainval,0.06480083613982116,0.06122457999219864,5.1180706
power-plant,ll_dropout,19,test,0.05329153605015674,0.0572625277023828,5.3537693
protein-tertiary-structure,ensemble,0,trainval,0.41040406249240713,0.6634248461895064,4.08043568529017
protein-tertiary-structure,ensemble,0,test,0.39820686638967856,0.6734656573611756,4.275513669129939
protein-tertiary-structure,ensemble,1,trainval,0.43103238817212136,0.6918611100028753,4.096632899832867
protein-tertiary-structure,ensemble,1,test,0.413514104526569,0.700314320558703,4.223467978825159
protein-tertiary-structure,ensemble,2,trainval,0.44070267512209343,0.671308728743331,4.080090160690008
protein-tertiary-structure,ensemble,2,test,0.4264159195276624,0.6728847786377075,4.247242909347054
protein-tertiary-structure,ensemble,3,trainval,0.41983137740846027,0.6727386894554213,4.086548024565078
protein-tertiary-structure,ensemble,3,test,0.41198338071287993,0.6856900133218449,4.2148304353540444
protein-tertiary-structure,ensemble,4,trainval,0.4149233423232986,0.6685762161151412,4.077710457414403
protein-tertiary-structure,ensemble,4,test,0.41220205554340694,0.6698387186676477,4.237980964122511
protein-tertiary-structure,dropout,0,trainval,0.4193697305440144,0.9213591192934723,4.395032
protein-tertiary-structure,dropout,0,test,0.40892193308550184,0.9281488128840073,4.5454803
protein-tertiary-structure,dropout,1,trainval,0.31671404621328086,0.8438730588590088,4.4391036
protein-tertiary-structure,dropout,1,test,0.310518259348349,0.8404061138533532,4.531851
protein-tertiary-structure,dropout,2,trainval,0.43839444079986395,0.957059068540496,4.414194
protein-tertiary-structure,dropout,2,test,0.4316641154603105,0.9574842401723517,4.535501
protein-tertiary-structure,dropout,3,trainval,0.38190344291372064,0.8936013425195459,4.3901067
protein-tertiary-structure,dropout,3,test,0.38508637655805816,0.897477303359213,4.459384
protein-tertiary-structure,dropout,4,trainval,0.3868114779988823,0.9480879382312589,4.382562
protein-tertiary-structure,dropout,4,test,0.38683577520227425,0.9486898000251646,4.497566
protein-tertiary-structure,ll_dropout,0,trainval,0.15880652136939039,0.378402039461638,4.325997
protein-tertiary-structure,ll_dropout,0,test,0.16028865077629564,0.37403473800003056,4.5118666
protein-tertiary-structure,ll_dropout,1,trainval,0.07656048788784411,0.29049714469394433,4.460491
protein-tertiary-structure,ll_dropout,1,test,0.0756614913623442,0.2929168682027251,4.5876412
protein-tertiary-structure,ll_dropout,2,trainval,0.18106275967636126,0.43838145535938255,4.304598
protein-tertiary-structure,ll_dropout,2,test,0.17012901815001094,0.43550210784037346,4.448779
protein-tertiary-structure,ll_dropout,3,trainval,0.08069101246446533,0.266239046066904,4.5591245
protein-tertiary-structure,ll_dropout,3,test,0.07500546687076318,0.26804443466350164,4.641949
protein-tertiary-structure,ll_dropout,4,trainval,0.11227737687392181,0.3570265186770393,4.30345
protein-tertiary-structure,ll_dropout,4,test,0.10999343975508419,0.35648672300386247,4.419401
wine-quality-red,ensemble,0,trainval,0.4510076441973593,0.69844517207925,0.5165932126870687
wine-quality-red,ensemble,0,test,0.35,0.7036023862489754,0.6148152684708124
wine-quality-red,ensemble,1,trainval,0.6018068102849201,0.7493857150160248,0.43441489229006863
wine-quality-red,ensemble,1,test,0.4125,0.809829855614726,0.6239897014804702
wine-quality-red,ensemble,2,trainval,0.42043085476025016,0.6801840104356253,0.5047510797495448
wine-quality-red,ensemble,2,test,0.34375,0.7113027781676001,0.7246958683197666
wine-quality-red,ensemble,3,trainval,0.30090340514246006,0.5058285465587967,0.5616026389382824
wine-quality-red,ensemble,3,test,0.3125,0.5254300425067183,0.6139102688846261
wine-quality-red,ensemble,4,trainval,0.4405837387074357,0.8666343144047878,0.605365736370203
wine-quality-red,ensemble,4,test,0.43125,0.8722965861802789,0.5987796987131081
wine-quality-red,ensemble,5,trainval,0.6031966643502432,0.7646030569870116,0.43496663887477577
wine-quality-red,ensemble,5,test,0.50625,0.8630670532195399,0.6567296677642714
wine-quality-red,ensemble,6,trainval,0.42112578179291177,0.6811553948495043,0.5168207208448936
wine-quality-red,ensemble,6,test,0.34375,0.7422062543661617,0.6591683631307095
wine-quality-red,ensemble,7,trainval,0.4419735927727589,0.8135636087507578,0.5845927065393027
wine-quality-red,ensemble,7,test,0.4,0.8562901642627456,0.7092232889743805
wine-quality-red,ensemble,8,trainval,0.5858234885337039,0.7638481185253999,0.44473840744555787
wine-quality-red,ensemble,8,test,0.54375,0.817176426780161,0.5851647277569993
wine-quality-red,ensemble,9,trainval,0.43710910354412785,0.6730562576505298,0.5076397967841826
wine-quality-red,ensemble,9,test,0.3375,0.7538050292316786,0.6703203822923728
wine-quality-red,ensemble,10,trainval,0.33634468380820015,0.7706973989077162,0.6550665399759674
wine-quality-red,ensemble,10,test,0.3125,0.8194436207260681,0.678973298222999
wine-quality-red,ensemble,11,trainval,0.6115357887421821,0.7504705585239256,0.4335160598196006
wine-quality-red,ensemble,11,test,0.50625,0.8064784409315084,0.6678911212543099
wine-quality-red,ensemble,12,trainval,0.5983321751216122,0.7733729175154251,0.4294523811267129
wine-quality-red,ensemble,12,test,0.36875,0.8550943719470456,0.6968474438555383
wine-quality-red,ensemble,13,trainval,0.5705350938151494,0.7363339558443036,0.4416125059574564
wine-quality-red,ensemble,13,test,0.5125,0.7688966121542269,0.6065187284031219
wine-quality-red,ensemble,14,trainval,0.4127866574009729,0.8046485940961186,0.58915335083485
wine-quality-red,ensemble,14,test,0.35,0.8524621324859023,0.6488207116612431
wine-quality-red,ensemble,15,trainval,0.43988881167477417,0.6761808584334279,0.520501309899876
wine-quality-red,ensemble,15,test,0.36875,0.6727263029235967,0.573727681807078
wine-quality-red,ensemble,16,trainval,0.3898540653231411,0.798362286100538,0.590198813658715
wine-quality-red,ensemble,16,test,0.2875,0.7818516224163724,0.6296837130283011
wine-quality-red,ensemble,17,trainval,0.37109103544127864,0.6769363163345968,0.5559241654632241
wine-quality-red,ensemble,17,test,0.3375,0.7331843489051878,0.6100492980856684
wine-quality-red,ensemble,18,trainval,0.42112578179291177,0.666546878186637,0.5150601670652106
wine-quality-red,ensemble,18,test,0.3625,0.735248370679199,0.6350783106222366
wine-quality-red,ensemble,19,trainval,0.5774843641417651,0.7527149830833411,0.43160647130588126
wine-quality-red,ensemble,19,test,0.45,0.8446342759829264,0.6556369859132419
wine-quality-red,dropout,0,trainval,0.4252953439888812,0.8806183878053365,0.57912487
wine-quality-red,dropout,0,test,0.38125,0.8613373968388363,0.6502722
wine-quality-red,dropout,1,trainval,0.6226546212647672,1.0511966359985443,0.48715797
wine-quality-red,dropout,1,test,0.5375,1.048734937005951,0.6498721
wine-quality-red,dropout,2,trainval,0.6108408617095205,1.037819160784505,0.48691654
wine-quality-red,dropout,2,test,0.51875,1.0503639359497845,0.74318945
wine-quality-red,dropout,3,trainval,0.42043085476025016,0.8375250022120284,0.5664482
wine-quality-red,dropout,3,test,0.35625,0.8105801327905515,0.6307488
wine-quality-red,dropout,4,trainval,0.2661570535093815,0.584436385484944,0.5857851
wine-quality-red,dropout,4,test,0.21875,0.5729358420376589,0.60077554
wine-quality-red,dropout,5,trainval,0.5184155663655317,0.948065288563959,0.5596072
wine-quality-red,dropout,5,test,0.45,0.9518765489873415,0.6634386
wine-quality-red,dropout,6,trainval,0.32661570535093815,0.765649585940128,0.5909803
wine-quality-red,dropout,6,test,0.25625,0.7663434481663427,0.6874051
wine-quality-red,dropout,7,trainval,0.30298818624044477,0.596347109268981,0.5803317
wine-quality-red,dropout,7,test,0.2625,0.6128214987202535,0.71672875
wine-quality-red,dropout,8,trainval,0.428769979152189,0.8755448315408493,0.57314247
wine-quality-red,dropout,8,test,0.4625,0.8311176001262067,0.584674
wine-quality-red,dropout,9,trainval,0.5705350938151494,1.0017601682607542,0.50883377
wine-quality-red,dropout,9,test,0.475,1.0007990355167506,0.6975096
wine-quality-red,dropout,10,trainval,0.3050729673384295,0.568656199825226,0.5805082
wine-quality-red,dropout,10,test,0.29375,0.6152171791664492,0.725286
wine-quality-red,dropout,11,trainval,0.4405837387074357,0.8886432790529634,0.5642085
wine-quality-red,dropout,11,test,0.3875,0.8433479550569218,0.69368637
wine-quality-red,dropout,12,trainval,0.325225851285615,0.7121326254753707,0.5788394
wine-quality-red,dropout,12,test,0.35625,0.7361870562607942,0.6895212
wine-quality-red,dropout,13,trainval,0.0778318276580959,0.4523700462512254,0.6932826
wine-quality-red,dropout,13,test,0.10625,0.47242785336400955,0.6433941
wine-quality-red,dropout,14,trainval,0.2696316886726894,0.7378940214632926,0.6237306
wine-quality-red,dropout,14,test,0.26875,0.7824284721123028,0.6741977
wine-quality-red,dropout,15,trainval,0.3863794301598332,0.8048817202060359,0.58620864
wine-quality-red,dropout,15,test,0.39375,0.8038192321857834,0.61991495
wine-quality-red,dropout,16,trainval,0.3314801945795691,0.6143737554449701,0.5746996
wine-quality-red,dropout,16,test,0.2625,0.5814551480749286,0.6318783
wine-quality-red,dropout,17,trainval,0.28422515635858236,0.5747145422997081,0.58518153
wine-quality-red,dropout,17,test,0.31875,0.5878453877579015,0.63306504
wine-quality-red,dropout,18,trainval,0.3481584433634468,0.6192250547199016,0.5733585
wine-quality-red,dropout,18,test,0.275,0.6176797112735098,0.67302436
wine-quality-red,dropout,19,trainval,0.6164002779708131,1.0710913213593833,0.49385926
wine-quality-red,dropout,19,test,0.55,1.134107429649957,0.6997377
wine-quality-red,ll_dropout,0,trainval,0.231410701876303,0.27439298549489244,0.47193927
wine-quality-red,ll_dropout,0,test,0.21875,0.27700284866954517,0.63525355
wine-quality-red,ll_dropout,1,trainval,0.2098679638637943,0.2206804847307378,0.460051
wine-quality-red,ll_dropout,1,test,0.0875,0.22320187089126237,0.6279652
wine-quality-red,ll_dropout,2,trainval,0.15983321751216123,0.3172538280017207,0.539002
wine-quality-red,ll_dropout,2,test,0.20625,0.3266269508557032,0.7368455
wine-quality-red,ll_dropout,3,trainval,0.1535788742182071,0.30590609158074644,0.54950535
wine-quality-red,ll_dropout,3,test,0.11875,0.30058849592360737,0.6402031
wine-quality-red,ll_dropout,4,trainval,0.2286309937456567,0.4686225256889675,0.5848296
wine-quality-red,ll_dropout,4,test,0.1875,0.45818729240034217,0.59696996
wine-quality-red,ll_dropout,5,trainval,0.18207088255733148,0.25793000436746627,0.48559174
wine-quality-red,ll_dropout,5,test,0.19375,0.27102410293099966,0.6846523
wine-quality-red,ll_dropout,6,trainval,0.1723419041000695,0.3679696643748497,0.6235026
wine-quality-red,ll_dropout,6,test,0.1125,0.358694183116737,0.6985495
wine-quality-red,ll_dropout,7,trainval,0.23002084781097984,0.38627104071062346,0.54064566
wine-quality-red,ll_dropout,7,test,0.1875,0.40829268009462605,0.7121598
wine-quality-red,ll_dropout,8,trainval,0.2050034746351633,0.3573886864035161,0.5449961
wine-quality-red,ll_dropout,8,test,0.1875,0.3458994985004123,0.58351594
wine-quality-red,ll_dropout,9,trainval,0.11535788742182071,0.30538893680202966,0.59364104
wine-quality-red,ll_dropout,9,test,0.10625,0.29957845949202067,0.69916546
wine-quality-red,ll_dropout,10,trainval,0.21403752605976373,0.4647812134809296,0.64715445
wine-quality-red,ll_dropout,10,test,0.23125,0.4955223881441546,0.69522005
wine-quality-red,ll_dropout,11,trainval,0.16886726893676163,0.25092809974507796,0.46646667
wine-quality-red,ll_dropout,11,test,0.14375,0.24023879944536458,0.6614517
wine-quality-red,ll_dropout,12,trainval,0.15427380125086865,0.23631867570561677,0.441512
wine-quality-red,ll_dropout,12,test,0.09375,0.22397588768518226,0.6951938
wine-quality-red,ll_dropout,13,trainval,0.18763029881862406,0.35703543589374015,0.5534327
wine-quality-red,ll_dropout,13,test,0.1875,0.33965940504884534,0.63041335
wine-quality-red,ll_dropout,14,trainval,0.18971507991660877,0.6205593084768388,0.6845936
wine-quality-red,ll_dropout,14,test,0.19375,0.6235345506388079,0.6900312
wine-quality-red,ll_dropout,15,trainval,0.15983321751216123,0.3335387242566771,0.58864087
wine-quality-red,ll_dropout,15,test,0.14375,0.2875612762629693,0.60661733
wine-quality-red,ll_dropout,16,trainval,0.1695621959694232,0.2503676139362214,0.4755729
wine-quality-red,ll_dropout,16,test,0.0875,0.24087828131353253,0.6274148
wine-quality-red,ll_dropout,17,trainval,0.22098679638637944,0.4401311934142137,0.59074444
wine-quality-red,ll_dropout,17,test,0.23125,0.4558963208458219,0.6164473
wine-quality-red,ll_dropout,18,trainval,0.20083391243919388,0.40026968214894604,0.6008006
wine-quality-red,ll_dropout,18,test,0.15625,0.38657923410841566,0.6329835
wine-quality-red,ll_dropout,19,trainval,0.18276580958999306,0.4027438352756783,0.5340445
wine-quality-red,ll_dropout,19,test,0.15625,0.39958543733131274,0.6397197
yacht,ensemble,0,trainval,0.9819494584837545,0.4658697579537029,2.998813040760779
yacht,ensemble,0,test,0.967741935483871,0.4303931020037521,2.9965296703939344
yacht,ensemble,1,trainval,0.9061371841155235,0.475187556079447,3.54772259180659
yacht,ensemble,1,test,0.9354838709677419,0.4689541562505088,3.6107843215640236
yacht,ensemble,2,trainval,0.9494584837545126,0.5171433228297014,3.915462097591492
yacht,ensemble,2,test,0.9354838709677419,0.4434750469254647,3.1126351642779073
yacht,ensemble,3,trainval,0.9566787003610109,0.4350133096126218,2.900682350462601
yacht,ensemble,3,test,0.8387096774193549,0.4877792943851085,3.54162505724076
yacht,ensemble,4,trainval,0.8953068592057761,0.4424794691597132,3.0293094812097086
yacht,ensemble,4,test,0.9354838709677419,0.43906538933633427,3.3949229340412925
yacht,ensemble,5,trainval,0.8880866425992779,0.47042986922978114,3.0840074697589572
yacht,ensemble,5,test,0.9354838709677419,0.46383955680678596,2.7336652403572317
yacht,ensemble,6,trainval,0.9819494584837545,0.4337715579396124,3.126884375931493
yacht,ensemble,6,test,0.967741935483871,0.3619845689318037,1.9347256848111494
yacht,ensemble,7,trainval,0.9602888086642599,0.5057940543150359,3.282898462924815
yacht,ensemble,7,test,0.9354838709677419,0.4730524759963706,3.318040685754919
yacht,ensemble,8,trainval,0.9025270758122743,0.3819181951141125,3.2077069821697073
yacht,ensemble,8,test,1.0,0.38571917671198547,2.7223582692465063
yacht,ensemble,9,trainval,0.9675090252707581,0.37893702401577595,2.71220569582782
yacht,ensemble,9,test,0.967741935483871,0.3369783725896109,2.097524710242131
yacht,ensemble,10,trainval,0.8592057761732852,0.38051781793267614,2.9498073277534878
yacht,ensemble,10,test,0.8709677419354839,0.5011511708578058,3.6514622122207308
yacht,ensemble,11,trainval,0.9169675090252708,0.49778332010479365,3.423215320725716
yacht,ensemble,11,test,0.9354838709677419,0.4213374161741811,3.3171889818534397
yacht,ensemble,12,trainval,0.9314079422382672,0.40562393252075657,3.0982809024850293
yacht,ensemble,12,test,0.8709677419354839,0.4149133334289183,3.503291233517294
yacht,ensemble,13,trainval,0.9025270758122743,0.4498426495782105,3.055314101799799
yacht,ensemble,13,test,0.9354838709677419,0.46505014221305263,3.2006113633646898
yacht,ensemble,14,trainval,0.9458483754512635,0.44282000282745104,2.971057717401161
yacht,ensemble,14,test,0.9032258064516129,0.4579851644684863,3.1630642279624093
yacht,ensemble,15,trainval,0.9422382671480144,0.5211057347725551,3.447287765131291
yacht,ensemble,15,test,0.9032258064516129,0.5062139503589005,2.9978561866151723
yacht,ensemble,16,trainval,0.9061371841155235,0.4000065368670432,2.9916529483547456
yacht,ensemble,16,test,0.8387096774193549,0.3522042658080543,2.4984026257608973
yacht,ensemble,17,trainval,0.9566787003610109,0.49367251678531004,3.468718824616845
yacht,ensemble,17,test,0.9354838709677419,0.4243019260627119,3.3641546902038906
yacht,ensemble,18,trainval,0.8844765342960289,0.4682911169570951,3.2474941498725385
yacht,ensemble,18,test,0.8709677419354839,0.5070829204113538,3.549660376677164
yacht,ensemble,19,trainval,0.9061371841155235,0.5014648797111922,3.2950682693465296
yacht,ensemble,19,test,0.8387096774193549,0.6085919692537235,4.479731360043705
yacht,dropout,0,trainval,0.4729241877256318,0.6551711549917636,4.861685
yacht,dropout,0,test,0.41935483870967744,0.5737926910512894,4.573335
yacht,dropout,1,trainval,0.4187725631768953,0.6258723617032632,4.459651
yacht,dropout,1,test,0.3225806451612903,0.4757618101388376,4.253216
yacht,dropout,2,trainval,0.26353790613718414,0.5929309073123693,6.0800457
yacht,dropout,2,test,0.22580645161290322,0.38911770824477204,5.613636
yacht,dropout,3,trainval,0.5090252707581228,0.6241390147694441,4.016385
yacht,dropout,3,test,0.5161290322580645,0.806336660562693,5.5016365
yacht,dropout,4,trainval,0.38267148014440433,0.6075412140854014,4.4122133
yacht,dropout,4,test,0.2903225806451613,0.565331470694072,5.2145267
yacht,dropout,5,trainval,0.2924187725631769,0.5825966863107562,4.8245215
yacht,dropout,5,test,0.3870967741935484,0.42749332518571165,3.8482041
yacht,dropout,6,trainval,0.30685920577617326,0.6213366306507673,4.6299605
yacht,dropout,6,test,0.2903225806451613,0.28821488639702775,3.2388208
yacht,dropout,7,trainval,0.33574007220216606,0.6157418563786737,4.3878927
yacht,dropout,7,test,0.25806451612903225,0.4162111230727764,3.8068466
yacht,dropout,8,trainval,0.5703971119133574,0.629193169682241,3.9977927
yacht,dropout,8,test,0.6774193548387096,0.5404362783565769,3.385306
yacht,dropout,9,trainval,0.4043321299638989,0.6968197602405269,5.6242905
yacht,dropout,9,test,0.22580645161290322,0.40035458354106657,4.1190076
yacht,dropout,10,trainval,0.4981949458483754,0.5885570382326658,4.216595
yacht,dropout,10,test,0.41935483870967744,0.80988028977764,5.5012593
yacht,dropout,11,trainval,0.3104693140794224,0.6004086429552722,4.711203
yacht,dropout,11,test,0.3225806451612903,0.471548949903613,3.6699865
yacht,dropout,12,trainval,0.2527075812274368,0.5518472780311187,4.5597887
yacht,dropout,12,test,0.22580645161290322,0.6021507996250208,4.7631216
yacht,dropout,13,trainval,0.5740072202166066,0.6620561855756047,4.2429085
yacht,dropout,13,test,0.5806451612903226,0.7441704699658136,4.8835425
yacht,dropout,14,trainval,0.51985559566787,0.630500007183511,4.191763
yacht,dropout,14,test,0.6129032258064516,0.5687245719613926,3.6959136
yacht,dropout,15,trainval,0.5884476534296029,0.6476939174936973,4.1350937
yacht,dropout,15,test,0.6774193548387096,0.5534555098269913,3.5509338
yacht,dropout,16,trainval,0.2924187725631769,0.5807072278303693,4.2842207
yacht,dropout,16,test,0.3225806451612903,0.5200057445690642,4.2504735
yacht,dropout,17,trainval,0.6209386281588448,0.7278955004474098,4.658862
yacht,dropout,17,test,0.6451612903225806,0.49690674620894104,3.5550075
yacht,dropout,18,trainval,0.036101083032490974,0.4021592118649738,5.504708
yacht,dropout,18,test,0.0,0.485202417222036,5.828093
yacht,dropout,19,trainval,0.33574007220216606,0.6266929670791568,4.7103868
yacht,dropout,19,test,0.3225806451612903,0.7505041895365774,6.041732
yacht,ll_dropout,0,trainval,0.16967509025270758,0.07854911895918398,2.2980554
yacht,ll_dropout,0,test,0.3225806451612903,0.08502494135619847,1.9352508
yacht,ll_dropout,1,trainval,0.33212996389891697,0.11315626407655607,1.8070129
yacht,ll_dropout,1,test,0.2903225806451613,0.08876514806678765,1.5096632
yacht,ll_dropout,2,trainval,0.10108303249097472,0.2233170513502298,3.4941216
yacht,ll_dropout,2,test,0.06451612903225806,0.17971149705062273,2.659196
yacht,ll_dropout,3,trainval,0.19855595667870035,0.08341532706536416,1.9517956
yacht,ll_dropout,3,test,0.16129032258064516,0.07520380028003977,2.7102778
yacht,ll_dropout,4,trainval,0.11191335740072202,0.07310022162608734,1.4318203
yacht,ll_dropout,4,test,0.1935483870967742,0.09564382025042323,1.3685002
yacht,ll_dropout,5,trainval,0.1588447653429603,0.08342170999837753,2.3455172
yacht,ll_dropout,5,test,0.12903225806451613,0.0744419421341486,2.662502
yacht,ll_dropout,6,trainval,0.27075812274368233,0.098880267651535,2.1226342
yacht,ll_dropout,6,test,0.41935483870967744,0.06642426845106997,1.2131763
yacht,ll_dropout,7,trainval,0.10108303249097472,0.07472876245397439,1.5123333
yacht,ll_dropout,7,test,0.03225806451612903,0.05853851826397943,2.123613
yacht,ll_dropout,8,trainval,0.10469314079422383,0.08980399630936019,2.4838767
yacht,ll_dropout,8,test,0.03225806451612903,0.06750584109406398,2.0986743
yacht,ll_dropout,9,trainval,0.10108303249097472,0.05522964899812219,1.5985652
yacht,ll_dropout,9,test,0.03225806451612903,0.07801298162197579,1.5784303
yacht,ll_dropout,10,trainval,0.036101083032490974,0.05785029415289114,2.5283172
yacht,ll_dropout,10,test,0.0,0.0593669371548837,3.1869068
yacht,ll_dropout,11,trainval,0.37906137184115524,0.1168771393230021,3.461862
yacht,ll_dropout,11,test,0.41935483870967744,0.05984197549569339,2.149486
yacht,ll_dropout,12,trainval,0.30324909747292417,0.08015510422399097,1.0965989
yacht,ll_dropout,12,test,0.0967741935483871,0.08174409723447482,1.5071051
yacht,ll_dropout,13,trainval,0.23826714801444043,0.09672752416949462,1.7568722
yacht,ll_dropout,13,test,0.3870967741935484,0.12836960908619816,1.6611817
yacht,ll_dropout,14,trainval,0.5595667870036101,0.25404771012135685,2.925835
yacht,ll_dropout,14,test,0.4838709677419355,0.2609027838934968,3.3625202
yacht,ll_dropout,15,trainval,0.37545126353790614,0.15374728833376525,1.8579715
yacht,ll_dropout,15,test,0.4838709677419355,0.15663530178797214,1.7625672
yacht,ll_dropout,16,trainval,0.15162454873646208,0.22898946000760045,4.0880547
yacht,ll_dropout,16,test,0.25806451612903225,0.23115102205528648,2.9878328
yacht,ll_dropout,17,trainval,0.1371841155234657,0.09241738474916407,2.3466122
yacht,ll_dropout,17,test,0.06451612903225806,0.07665864589130561,2.0206654
yacht,ll_dropout,18,trainval,0.09025270758122744,0.06168987597903275,3.7199745
yacht,ll_dropout,18,test,0.12903225806451613,0.04010934830295573,4.193676
yacht,ll_dropout,19,trainval,0.11913357400722022,0.1778807449825735,5.600848
yacht,ll_dropout,19,test,0.16129032258064516,0.19720802346099198,8.433668
